id;titel;google_maps_url
food-taverne-akti;Taverne Akti;https://maps.app.goo.gl/Wi2JF9djXTsY6jKd6
food-stama;Stama;https://maps.app.goo.gl/syyiHC4soukb8PKQ8
beach-tsambika;Tsambika / Tsampika;https://maps.app.goo.gl/kQsRogoHY5CmRExg6
beach-stegna;Stegna;https://maps.app.goo.gl/GXgiFisL13gdecrA9
beach-pefkoi-plakia;Pefkoi Plakia Beach;https://maps.app.goo.gl/fubULVGVnzNLuE2g7
beach-elli;Elli Beach;https://maps.app.goo.gl/ZQ1aWgeCqRdbtpvg8
trip-mandraki-sunrise;Mandraki vor Sonnenaufgang;https://maps.app.goo.gl/t7cAhHaYcHG8iU5MA
mobility-rental-terms;Mietwagenbedingungen prüfen;
hotel-elysium;Elysium bei Faliraki;https://maps.app.goo.gl/RRLnzNpUT14iuvtt9
hotel-kresten-palace;Kresten Palace;https://maps.app.goo.gl/eGn85Ung4fqZtphz7
hotel-lydia-maris;Lydia Maris Resort;https://maps.app.goo.gl/z9xNUZYV3T7CHCXs9
hotel-esperides-beach;Esperides Beach Family;https://maps.app.goo.gl/rGXEoQ6FGqgobcXTA
hotel-blue-sea-beach;Blue Sea Beach;https://maps.app.goo.gl/sXKA84MwXKRdb2Re7
food-melekouni;Melekouni probieren;
food-lakani;Lakani auf der Karte suchen;
food-dodecanese-pastry;Dodekanes-Gebäck testen;
trip-seven-springs;Sieben Quellen im Schatten;https://maps.app.goo.gl/YzGkXXKL91zGDx8s8
trip-kallithea;Kallithea: Architektur und Badestopp;https://maps.app.goo.gl/c1bxKBaPs4pXHYzz7
trip-lindos-morning;Lindos gleich morgens;https://maps.app.goo.gl/jrdj5TiaKjjaCMuWA
trip-anthony-quinn-bay;Anthony-Quinn-Bucht;https://maps.app.goo.gl/1gVuUSthb7teJ7qd9
trip-prasonisi;Prasonisi als ganzer Reisetag;https://maps.app.goo.gl/M4LEWJjZ229Gsj7t8
mobility-september-schedule;September-Fahrplan neu prüfen;
mobility-plan-return-first;Rückfahrt zuerst planen;
kolymbia-eucalyptus-evening;Eukalyptusallee am Abend;https://maps.app.goo.gl/3r7eDQPix7EqcfFX9
kolymbia-local-beach-day;Entspannter Strandtag vor Ort;https://maps.app.goo.gl/LdnpeQLEyEDFkEKk6
food-kolymbia-carrusel;Carrusel: griechische Klassiker;https://maps.app.goo.gl/caUToj34daXSPLQ49
food-kolymbia-ouzaki;Meze bei Ouzaki teilen;https://maps.app.goo.gl/2niVGwTFEvXH52CY8
food-kolymbia-palio-nisaki;To Palio Nisaki: Fisch am Meer;https://maps.app.goo.gl/r6PkyRWvHJEHxFgc7
food-kolymbia-rosso-di-sera;Rosso di Sera: Pizza-Abend;https://maps.app.goo.gl/ZitQCiFWcSqenBbg9
food-kolymbia-anthoula;Anthoula: Taverne im Grünen;https://maps.app.goo.gl/NUQb95pi35yyntaH7
food-kolymbia-michel;Taverna Michel: familiär und vom Grill;https://www.google.com/maps/search/?api=1&query=Taverna%20Michel%2C%20Kolymbia%2C%20Rhodes
food-kolymbia-tsambikos;Taverna Tsambikos: klassische Küche;https://www.google.com/maps/search/?api=1&query=Taverna%20Tsambikos%2C%20Kolymbia%2C%20Rhodes
food-kolymbia-food-box;Food Box: schnell und unkompliziert;https://www.google.com/maps/search/?api=1&query=Food%20Box%2C%20Kolymbia%2C%20Rhodes
food-kolymbia-limanaki;Limanaki: Meeresblick und Seafood;https://www.google.com/maps/search/?api=1&query=Limanaki%20Seafood%20Restaurant%2C%20Kolymbia%2C%20Rhodes
food-kolymbia-mylos;Mylos: besonderer Abend am Meer;https://www.google.com/maps/search/?api=1&query=Mylos%20A%20La%20Carte%20Restaurant%2C%20Kolymbia%2C%20Rhodes
shopping-supermarket-sklavenitis-kolymbia;Sklavenitis Kolymbia: großer Einkauf;https://www.google.com/maps/search/?api=1&query=Sklavenitis%2C%20Kolymbia%2C%20Rhodes
shopping-supermarket-zeus-kolymbia;Zeus: zentraler Ferienmarkt;https://www.google.com/maps/search/?api=1&query=Zeus%20Supermarket%20Tourist%20Shop%2C%20Kolymbia%2C%20Rhodes
shopping-supermarket-edem-kolymbia;Edem: Markt an der Eukalyptusstraße;https://www.google.com/maps/dir/?api=1&destination=36.25332292702342%2C28.16528580472247
shopping-supermarket-michalis-kiosk;Michalis Kiosk: schnell versorgt;https://www.google.com/maps/search/?api=1&query=Michalis%20Kiosk%2C%20EO95%2C%20Kolymbia%2C%20Rhodes
shopping-fashion-hashtag-kolymbia;Hashtag Shop: griechische Sommermode;https://www.google.com/maps/search/?api=1&query=Hashtag%20Shop%2C%20Eucalyptus%20Street%2C%20Kolymbia%2C%20Rhodes
shopping-souvenir-oslo-street;Tourist Shop Oslo Street: beliebter Fundort;https://www.google.com/maps/search/?api=1&query=Tourist%20Shop%2C%20Oslo%20Street%2C%20Kolymbia%2C%20Rhodes
shopping-souvenir-secret-rhodes;Secret Rhodes: handgemachte Andenken;https://www.google.com/maps/search/?api=1&query=Secret%20Rhodes%2C%20Kolymbia%2C%20Rhodes
shopping-souvenir-michail-artistic;Michail: Keramik aus Familienhand;https://www.google.com/maps/search/?api=1&query=Michail%20Artistic%20Craft%20and%20Artifacts%2C%20Kolymbia%2C%20Rhodes
shopping-local-artistic-village;Artistic Village: Keramik und Galerie;https://www.google.com/maps/search/?api=1&query=Artistic%20Village%20Contemporary%20Art%2C%20Kolymbia%2C%20Rhodes
shopping-local-olive-oil-factory;Olive Oil Factory: Öl mit Einblick;https://www.google.com/maps/search/?api=1&query=Olive%20Oil%20Factory%2C%20Archangelos%2C%20Rhodes
shopping-local-traditional-greek-kiosk;Traditional Greek Kiosk: probieren und mitnehmen;https://www.google.com/maps/search/?api=1&query=Traditional%20Greek%20Kiosk%2C%20Platia%20Symis%2C%20Rhodes
